{
    "camera": {
        "KD-USB Cameras": {
            "coeff": [
                0.013704681155354063,
                0.2631788042266837,
                0.017617080660264343,
                0.020214798525492985,
                0.3960837864412085,
                0.0,
                0.0,
                0.0,
                0.0,
                0.0,
                0.0,
                0.0
            ],
            "intrinsic": [
                500.22830406463606,
                0.0,
                0.0,
                0.0,
                281.3784189399252,
                0.0,
                624.9996896361573,
                351.7176216481338,
                1.0
            ]
        }
    },
    "transform": {
        "rotation": [
            0.9928683595540849,
            -0.09011923794762979,
            -0.07804449723150889,
            0.09424150094265825,
            0.9942500154393812,
            0.050847284085437434,
            0.07301342408390021,
            -0.05783969009710129,
            0.9956523540639152
        ],
        "translation": [
            1839.288166151732,
            70.1271154104033,
            93.8884975270407
        ]
    }
}
