{
    "bound": {
        "x1": -1.0,
        "x2": 1.0,
        "y1": -4.0,
        "y2": -0.800000011920929
    },
    "motion": {
        "cameras": [
            {
                "cutoff": 0.0,
                "depthshift": [
                    -2.747499942779541,
                    -4.179737567901611
                ],
                "euler": [
                    0.0,
                    0.0,
                    0.0
                ],
                "flip": false,
                "fov": 90.0,
                "limit": 8,
                "name": "KD-USB Cameras-0x21000000c4564ab",
                "resolution": [
                    534,
                    400
                ],
                "translate": [
                    0.5062642097473145,
                    0.0009299764642491937,
                    0.0003796921228058636
                ]
            },
            {
                "cutoff": 0.0,
                "depthshift": [
                    -2.747499942779541,
                    -4.179737567901611
                ],
                "euler": [
                    0.0,
                    0.0,
                    0.0
                ],
                "flip": false,
                "fov": 90.0,
                "limit": 8,
                "name": "KD-USB Cameras-0x11000000c4564ab",
                "resolution": [
                    534,
                    400
                ],
                "translate": [
                    0.5062642097473145,
                    0.0009299764642491937,
                    0.0003796921228058636
                ]
            }
        ],
        "distthres": 0.20000000298023224,
        "fadeduration": [
            0.75,
            1.0
        ],
        "flatrange": 1.0,
        "maxskeleton": 8,
        "measurementNoise": 1.0839999914169312,
        "processNoise": 0.04899999871850014,
        "skeletonscale": 8.0,
        "worldthres": 0.4000000059604645
    },
    "osc": {
        "ip": "192.168.0.32",
        "localport": 10000,
        "port": 8080
    }
}
